Ref,Qty,Part,Manufacturer,Description,Approx unit USD,Notes
U1,1,ESP32-P4 (NRW32 in-package PSRAM) or P4 core module,Espressif / module vendor,Hub MCU: USB-HS host (Boson) + FS device (phone) + PPA,8-20,Module on rev A avoids HS layout; check availability
U2,1,W25Q128JV,Winbond,16 MB flash for P4 (chip-down only),1.5,
U3,1,BQ25895RTWR,TI,1S charger with power path and I2C,2.5,Type-C Rd on PWR IN sets input limit
U4,1,TPS61088RHLR,TI,Boost 5 V / 3 A for CAM port and HUD,2.5,Keep inductor away from magnetometer
U5,1,TPS63802DLAR,TI,3.3 V buck-boost for P4/GNSS,2.5,
U6,1,TPS25200DRVR,TI,CAM VBUS current-limited switch (1.5 A),0.9,FAULT to P4 GPIO
U7,1,LM66100DCKR,TI,Ideal diode: 5 V to Waveshare USB VCC header pin,0.5,Blocks back-feed from Waveshare USB-C
U8,1,MAX17048G+T10,Analog Devices,Fuel gauge (I2C),2,
U9,1,SAM-M10Q-00B,u-blox,GNSS with patch antenna (P4 UART),18,
U10,1,MMC5983MA,MEMSIC,Magnetometer on HUD I2C (GPIO1/2),3,Far from boost inductor and cells
U11-U13,3,TPD2EUSB30 / USBLC6-2SC6,TI / ST,USB ESD per connector,0.4,
J1-J3,3,USB-C 16-pin mid-mount receptacle,GCT USB4105 or similar,CAM / PHONE / PWR IN,0.8,Label ports on the housing
J4,1,JST-PH 2-pin,JST,Battery,0.2,
J5 J6,2,2.54 mm female header,Various,To Waveshare GPIO headers,0.5,Verify pin order vs schematic
BT1,1,1S2P 18650 pack with PCM (6-7 Ah),Various,Battery,15,Or 3-4 Ah LiPo pouch for a slim build
R/C/L,-,Passives,Various,Rp 22k (CAM CC) / Rd 5.1k (PHONE + PWR IN CC) / decoupling / 1 uH-2.2 uH inductors,3,
ACC1,1,Boson USB VPC Kit 421-0061-00,Teledyne FLIR,Camera to CAM port (rev A),193,Rev B: Boson direct on DF40 80-pin using its native USB2 pins
